Model,MAE
XGBoost,11604868.656976746
ARIMA,142459146.50614136
Prophet,132917396.96304443
